"编号","数据源","类型","系列","产品精度与说明","覆盖","时段","获取方式与格式","访问条件","许可","接入优先级","官方入口","证据链接","限制与注意事项","接入状态"
"cbers-4a","中巴资源卫星 CBERS-4A · WPM","imagery","cbers","2 米全色 / 8 米多光谱 · 按实际归档覆盖检索","INPE 接收与发布的实际场景；不推定北京或全球完整覆盖","2019 年起；以场景元数据为准","STAC / GeoTIFF","公开下载","INPE 免费分发；具体归档许可与署名仍需按文件核对","P1","https://data.inpe.br/dados/cbers-4a/","https://data.inpe.br/dados/cbers-4a/ | https://www.gov.br/inpe/pt-br/acesso-a-informacao/perguntas-frequentes/cbers","2 米全色不是原生 2 米多光谱。先核对接收站归档范围、融合产品身份及实际完整文件。","待接入"
"maxar-open","Maxar / Vantor 灾害开放影像","imagery","maxar","高分辨率灾前灾后影像 · 非商业许可","已激活灾害事件区域；不是全球按需免费影像库","各事件发布的灾前 / 灾后时相","静态 STAC / COG / S3","公开下载","CC BY-NC 4.0；按具体资产核对","P1","https://registry.opendata.aws/maxar-open-data/","https://registry.opendata.aws/maxar-open-data/ | https://xpress-docs.maxar.com/OpenData/OpenData_viewing.htm","分辨率以各传感器与资产元数据为准，不预设统一 0.3 米；目录公开不表示北京当前时相有覆盖。","待接入"
"esa-tpm","ESA 第三方卫星数据计划","imagery","esa-tpm","第三方高分影像 · 科研申请与逐数据集授权","各任务和集合的可授权归档；按获批项目确认","任务 / 归档 / 订单相关","集合目录 / 官方订单交付","需申请","ESA TPM 与供应商专项许可；不推定商业或再分发权","P2","https://www.esa.int/Applications/Observing_the_Earth/How_to_access_data","https://www.esa.int/Applications/Observing_the_Earth/How_to_access_data | https://tpm-ds.eo.esa.int/oads/access/","包含须申请的受限数据和仅需注册的集合；部分集合下载曾暂停，接入前重新核对具体集合状态。","待接入"
"enmap","EnMAP 高光谱 L2A","imagery","dlr","高光谱分析就绪影像 · 注册获取与专项许可","任务实际采集场景；不是全球无缝同日覆盖","2022 年起；场景与处理版本相关","STAC / COG / GeoTIFF + metadata","需注册","EnMAP Data License；免费使用不等于任意转授或再分发","P2","https://geoservice.dlr.de/web/datasets/enmap_l2_hsi","https://geoservice.dlr.de/web/datasets/enmap_l2_hsi | https://www.enmap.org/data_access/ | https://www.enmap.org/data/resources/EnMAP_Data_License.pdf","按官方注册和许可流程接入，核对波长、坏波段、处理器版本与文件身份。","待接入"
"piesat-open-samples","宏图一号 · 免费 SAR 样例","radar","piesat","0.5–5 米 SAR 模式 · 有限样例，非光学真彩色","公告列出的中国及部分海外样例区域","公告样例时相；不等于当前所有归档","L1 单视复数据及元数据","有限免费样例","发布者公告要求署名；完整使用条件与当前领取流程待复核","P2","https://engine.piesat.cn/","https://mp.weixin.qq.com/s/eiDLf7_cG7vMfHVh55WzTQ | https://www.piesat.cn/","官方公众号的历史开放公告可核读，原文日期未明确返回。需注册，未实际领取；SLC 不能套用 Sentinel-1 RTC 或普通 RGB 解码流程。","待接入"
"worldcover","ESA WorldCover 全球土地覆盖","thematic","land-cover","10 米土地覆盖分类 · 2020 / 2021 版","全球陆地；以分幅与掩膜为准","2020 / 2021；不当作逐年最新数据","GeoTIFF / COG / 分幅包","公开下载","CC BY 4.0；发布版本与引用需保留","P1","https://esa-worldcover.org/en/data-access","https://worldcover2021.esa.int/ | https://esa-worldcover.org/en/data-access","分类标签不是光学原波段；跨年份差异须结合算法版本和分类精度解释。","待接入"
"dynamic-world","Dynamic World 动态土地覆盖","thematic","land-cover","10 米分类与概率 · Earth Engine 导出","Sentinel-2 有效观测覆盖；云与阴影像元有掩膜","2015-06-27 起；集合持续更新","Earth Engine ImageCollection / 导出栅格","需注册","CC BY 4.0 数据许可；Earth Engine 平台权限与费用另行核对","P2","https://developers.google.com/earth-engine/datasets/catalog/GOOGLE_DYNAMICWORLD_V1","https://developers.google.com/earth-engine/datasets/catalog/GOOGLE_DYNAMICWORLD_V1","每景分类与各类概率须一起定义；不把分类概率当成已核验地类，也不把平台免费科研权限泛化到商业项目。","待接入"
"glc-fcs30d","GLC_FCS30D 全球土地覆盖时序","thematic","land-cover","30 米精细地类 · 1985–2022 时序","全球陆地，南极洲除外；按发布分幅核对","1985–2022；具体版本为准","栅格分幅 / ZIP","公开下载","按作者 Zenodo 记录许可与引用要求核对","P1","https://zenodo.org/records/15063683","https://zenodo.org/records/15063683 | https://data.casearth.cn/thematic/glc_fcs30/314 | https://www.cbas.ac.cn/yjjz/202403/t20240327_489908.html","属于精细土地覆盖分类；不同版本的类别编码、频率和年度可用性需要分别固定。","待接入"
"glc-fcs10","GLC_FCS10 全球 10 米精细地类","thematic","land-cover","10 米分类 · 2023 年制图，2025 年发布","全球发布分幅","2023 地图；2025-01-24 v1 发布","36 个 ZIP 分区包及分类说明","公开下载","按 Zenodo 作者记录许可、指南和论文引用核对","P1","https://zenodo.org/records/14729665","https://zenodo.org/records/14729665 | https://essd.copernicus.org/articles/17/4039/2025/","30 个精细地类不是原始 Sentinel 波段；包体较大，按区域选择分区而非默默下载全球。","待接入"
"clcd","CLCD 中国年度土地覆盖","thematic","land-cover","中国 30 米年度分类 · 1985 / 1990–2024","中国；以作者发布边界和文件为准","v1.0.4 含 1985 与 1990–2024，不填补未发布年份","COG / 省级 ZIP / 分类表","公开下载","作者 Zenodo 数据许可与引用要求","P1","https://zenodo.org/records/15853565","https://zenodo.org/records/15853565","已核读 2025-07-10 更新版，旧 2021 版本不作为最新记录。按发布 Albers 坐标系处理，不错误标成 WGS84 栅格。","待接入"
"sinolc-1","SinoLC-1 中国 1 米土地覆盖","thematic","land-cover","1 米分类地图 · 不是 1 米原始卫星影像","作者发布的中国城市 / 区域包；边界按包核对","按版本记录；页面含 2026 年边缘重叠修正说明","分类栅格 / 区域包 / 用户指南","公开下载","按作者版本记录许可和引用核对；不继承输入底图导出权","P1","https://zenodo.org/records/8214467","https://zenodo.org/records/8214467 | https://essd.copernicus.org/articles/15/4749/2023/","公众号为线索，最终采用作者记录；分类网格的 1 米不能作为北京 1 米彩色影像可下载的证据。文件版本与城市边缘重叠需核查。","待接入"
"irsamap","IRSAMap 多要素标注矢量","vectors","open-vectors","79 个样例区域 · 亚米级影像地物标注","六大洲 79 个区域，非全球完整地物库","2025 年发布；GeoJSON 更新日期 2025-09-21","Shapefile / GeoJSON / 样本影像","公开下载","仓库与数据许可须分别核验；开放公告不是任意输入影像再分发许可","P2","https://github.com/ucas-dlg/IRSAMap","https://github.com/ucas-dlg/IRSAMap | https://www.aircas.ac.cn/dtxw/kydt/202509/t20250925_7979579.html","影像切片与矢量标注是科研样本；不标成最新全球原始影像，也不当法定地籍边界。","待接入"
"jrc-water","JRC 全球地表水","thematic","hydrology","30 米水体频率 / 历史 · 1984–2024","全球有效 Landsat 观测区域","当前 1984–2024 发布，页面更新 2026-08-26","GeoTIFF 分幅 / 时间序列","公开下载","Copernicus 免费使用政策与 EC JRC/Google 署名","P1","https://global-surface-water.appspot.com/download","https://global-surface-water.appspot.com/download","新旧 Landsat Collection 合并存在局部配准差异；必须说明指标、年份和缺观测，不把出现频率当当前水面。","待接入"
"glad-forest","Hansen 全球森林变化","thematic","land-cover","约 30 米森林变化网格 · 2000–2025 版","全球发布网格及数据掩膜","GFC-2025-v1.13；指标年限分别核对","GeoTIFF 分幅","公开下载","按官方发布页的数据许可与 Hansen 等引用核对","P1","https://storage.googleapis.com/earthenginepartners-hansen/GFC-2025-v1.13/download.html","https://storage.googleapis.com/earthenginepartners-hansen/GFC-2025-v1.13/download.html | https://developers.google.com/earth-engine/datasets/catalog/UMD_hansen_global_forest_change_2025_v1_13","树冠覆盖、损失年与增长层的时间窗口不同，不能把损失直接称为全部森林砍伐，也不能推定逐年增长数据。","待接入"
"worldpop","WorldPop 人口网格","thematic","population","人口估计 · 选择网格、年份与建模方法","全球系列与国家专项产品分开","Global 2 发布含 2015–2030；未来年份是估计 / 预测","GeoTIFF / 数据目录与说明","公开下载","按各发布 README 和许可核对，不统一所有国家专项数据","P1","https://www.worldpop.org/datacatalog/","https://www.worldpop.org/datacatalog/ | https://data.worldpop.org/repo/prj/Global_2015_2030/R2025A/doc/Global2_Release_Statement_R2025A_v1.pdf","约 100 米等多个网格可选；约束 / 非约束、人口总量 / 密度、普查年 / 预测年必须由任务明确。R2025A 为 alpha 版，不能当实测人口。","待接入"
"ghsl","GHSL 居住区与人口","thematic","population","建成区与人口网格 · 分产品确定间距","全球发布产品","如 R2023A 1975–2030；历史与未来模型年份分开","GeoTIFF / 分幅 / 产品目录","公开下载","JRC 产品使用与引用条款逐产品核对","P2","https://ghsl.jrc.ec.europa.eu/download.php","https://ghsl.jrc.ec.europa.eu/download.php | https://ghsl.jrc.ec.europa.eu/ghs_buS2023.php","建成区面积、建筑高度与人口不是同一产品；当前仅计划二维栅格，不增加三维模型。","待接入"
"soilgrids","SoilGrids 250 米土壤属性","thematic","soil","土壤属性与不确定性 · 按深度选层","全球预测网格","发布版本相关；不是逐景观测时序","WCS / WebDAV / GeoTIFF / VRT","公开下载","CC BY 4.0","P1","https://docs.isric.org/globaldata/soilgrids/SoilGrids_faqs_02.html","https://docs.isric.org/globaldata/soilgrids/SoilGrids_faqs_02.html | https://soilgrids.org/","官方 REST API 暂停，优先核查 WCS 或 WebDAV；按属性、深度、分位数、单位与缩放因子选择，不能只下载均值而隐去不确定性。","待接入"
"hydrosheds","HydroSHEDS 河网与流域","thematic","hydrology","水文栅格 / 矢量 · 版本与覆盖各异","v1 高纬 3 角秒覆盖受限；v2 按已发布地区核对","静态基础数据及版本更新","GeoTIFF / 水系与流域矢量","公开下载","产品专属许可；v1 / v2 / 派生矢量分别核查","P2","https://www.hydrosheds.org/hydrosheds-core-downloads","https://www.hydrosheds.org/hydrosheds-core-downloads | https://www.hydrosheds.org/downloads-core-data-v2","v1 3 角秒约赤道 90 米，v2 部分已发布 1 角秒数据；不以 v2 规划声明推定全部地区已可下载。","待接入"
"merit-hydro","MERIT Hydro 全球水文网格","thematic","hydrology","3 角秒流向网格 · 双数据许可","全球产品声明范围；按分幅与数据掩膜核对","v1.0.1 静态水文基础数据","流向 / 汇水面积等栅格分幅","需注册","CC BY-NC 4.0 或 ODbL 1.0；按使用目的选择许可","P2","https://developers.google.com/earth-engine/datasets/catalog/MERIT_Hydro_v1_0_1","https://developers.google.com/earth-engine/datasets/catalog/MERIT_Hydro_v1_0_1 | https://hydro.iis.u-tokyo.ac.jp/~yamadai/MERIT_Hydro/","原作者站点已迁移，当前官方目录可核读；下载账户和新入口需复核。流向编码必须与指定模型相符。","待接入"
"fabdem","FABDEM 去建筑与树高地形","elevation","terrain","1 角秒地形网格 · 非商业与相同方式共享","按全球发布分幅实际覆盖","FABDEM v1.2，2023 年发布","GeoTIFF / 分幅 ZIP / 瓦片索引","公开下载","CC BY-NC-SA 4.0；商业使用需联系发布方","P2","https://data.bris.ac.uk/data/dataset/s5hqmjcdj8yo2ibzi9b4ew3sn","https://data.bris.ac.uk/data/dataset/s5hqmjcdj8yo2ibzi9b4ew3sn","从 GLO-30 消除树高 / 建筑高度偏差的派生地形，不是独立实测裸地。仅二维高程栅格。","待接入"
"usgs-3dep-dem","USGS 3DEP · 二维 DEM","elevation","terrain","美国 1 米等 DEM · 不接入点云","美国；1 米覆盖按已发布项目核对","采集 / 生产日期依瓦片与项目","GeoTIFF / 项目索引 / 下载服务","公开下载","USGS 公有领域产品，来源字段仍需保留","P2","https://www.usgs.gov/3d-elevation-program/about-3dep-products-services","https://www.usgs.gov/3d-elevation-program/about-3dep-products-services","只接入二维 DEM，不接入 LiDAR 点云或三维。水平 / 垂直基准与年份必须固定，不称全球 1 米 DEM。","待接入"
"gebco","GEBCO 全球海底地形网格","elevation","terrain","15 角秒海陆高程网格 · 2026 版","全球海洋与陆地；格点间距不代表实测点精度","GEBCO_2026；源测量日期各异","NetCDF / GeoTIFF / ZIP / OPeNDAP","公开下载","GEBCO Terms of Use 与署名要求","P2","https://www.gebco.net/data-products/gridded-bathymetry-data","https://www.gebco.net/data-products/gridded-bathymetry-data","高程正负、冰面 / 冰下版本、来源类型 TID 与科学不确定性要保留；仅二维网格。","待接入"
"era5-land","ERA5-Land 陆面再分析","thematic","climate","0.1°交付网格 · 小时 / 月度陆面变量","全球陆地区域","1950 年至近当前；最近数据更新有延迟","CDS API / NetCDF / GRIB / ARCO Zarr","需注册","当前 CDS 集合许可与条款；注册并接受许可","P2","https://cds.climate.copernicus.eu/datasets/reanalysis-era5-land?tab=overview","https://cds.climate.copernicus.eu/datasets/reanalysis-era5-land?tab=analysis_ready_data | https://confluence.ecmwf.int/spaces/CKB/pages/140385202/ERA5-Land+data+documentation","再分析不是卫星真彩色或站点实测；变量单位、累积量、UTC、网格、压力 / 深度层必须由任务卡明确。只处理二维切片。","待接入"
"chirps","CHIRPS 降水时序","thematic","climate","0.05°降水 · v3 已发布，v2 将停止生产","陆地 60°N–60°S；不称全球极区全覆盖","1981 年起；初步版与最终版延迟不同","GeoTIFF / COG / NetCDF / BIL","公开下载","发布方数据使用与引用要求，按版本核对","P1","https://www.chc.ucsb.edu/data/chirps3","https://www.chc.ucsb.edu/data/chirps3 | https://www.chc.ucsb.edu/data/chirps","官方说明 v2 生产于 2026 年 12 月后结束，优先研究 v3。逐日 rnl / sat 下尺度版本不同，不默默替换。","待接入"
"worldclim","WorldClim 2.1 气候平均场","thematic","climate","30 角秒至 10 角分气候平均场 · 1970–2000","全球陆地的发布网格","1970–2000 长期平均；不是最新月度观测","ZIP / GeoTIFF","公开下载","按 WorldClim 使用条件与 Fick / Hijmans 引用要求核对","P2","https://www.worldclim.org/data/worldclim21.html","https://www.worldclim.org/data/worldclim21.html","温度、降水、太阳辐射与生物气候指标分别选取；不得把长期平均称为当前天气或逐年趋势。","待接入"
"eog-nightlights","VIIRS · EOG 夜间灯光","thematic","eog","夜间辐亮度合成 · 按年份与掩膜选产品","产品发布的全球网格；极区 / 观测条件按产品定义","2012 年起，月度 / 年度各版分别核对","GeoTIFF / 官方下载目录 / Earth Engine","需注册","公开产品许可逐版核查；官方下载方式可能要求登录","P2","https://eogdata.mines.edu/products/vnl/","https://eogdata.mines.edu/products/vnl/ | https://developers.google.com/earth-engine/datasets/catalog/NOAA_VIIRS_DNB_ANNUAL_V22","夜间灯光不是当前已有 VIIRS 日间反射率产品。需明确辐亮度单位、背景去除、火光 / 云等筛选，不推定某层是无噪声经济活动。","待接入"
"ms-buildings","微软全球建筑轮廓","vectors","open-vectors","AI 提取建筑矢量 · 时相与覆盖各异","已发布国家 / 区域；并非每个建筑都完整正确","输入影像 2014–2024 等多个时相，发布持续更新","GeoJSON 分区 / 下载索引","公开下载","当前仓库 CDLA Permissive 2.0；镜像和旧版可能许可不同","P1","https://github.com/microsoft/GlobalMLBuildingFootprints","https://github.com/microsoft/GlobalMLBuildingFootprints","机器识别轮廓不是法定地籍，也不能代表现时建筑状态；各区域元数据和发布许可单独保留。","待接入"
"overture-maps","Overture 开放地图数据","vectors","open-vectors","建筑 / 地点 / 交通 · 许可按主题区分","全球主题发布分区；各主题可用性不同","每次发布固定版本，不把 latest 当稳定源","GeoParquet / PMTiles / AWS / Azure","公开下载","主题与来源各自许可，例如 ODbL / CC BY；不得套用代码仓库 MIT","P1","https://docs.overturemaps.org/getting-data/cloud-sources/","https://docs.overturemaps.org/getting-data/cloud-sources/ | https://docs.overturemaps.org/attribution/","当前 GeoParquet 尚未成为 GeoD 原生导入能力；这是待研发数据源，不因已有 PMTiles 支持就标为 Overture 已接入。","待接入"
"geoboundaries","geoBoundaries 开放行政区边界","vectors","open-vectors","逐国家行政区边界 · CC BY 4.0","各国家提供的行政层级；不保证各国均有同样层数","边界源年份与发布版本分别保留","GeoJSON / Shapefile / API","公开下载","gbOpen CC BY 4.0；其他集合政策须分别确认","P1","https://www.geoboundaries.org/","https://www.geoboundaries.org/","与当前 Natural Earth 参考行政区分开；核对 ADM 层级、源年份、争议区表达及实际边界质量，不声称法定精确界线。","待接入"
"geofabrik","Geofabrik 区域 OSM 数据包","vectors","open-vectors","区域原始 OSM PBF · 每日更新与 ODbL","已提供的国家 / 区域包；按索引范围确认","多数区域每日更新；下载版本必须固定","OSM PBF / Shapefile / 差分包","公开下载","ODbL 及 OSM 署名；衍生数据库义务需保留","P2","https://www.geofabrik.de/data/download.html","https://www.geofabrik.de/data/download.html","独立于已接入的小区域 Overpass。大型 PBF 解析与下载队列需适配，不以现有有界本地导入声称全国包可完成。","待接入"
"jaxa-earth","JAXA Earth 开放地球数据","thematic","jaxa","公开 COG 产品 · 单位与条款按集合核对","各集合覆盖范围；包含 JAXA 与其他机构数据","按集合，包括降水、温度、陆面等不同时序","COG / 数据集目录 / API","公开下载","JAXA 与各原始机构产品条款，非统一平台许可","P2","https://data.earth.jaxa.jp/en/","https://data.earth.jaxa.jp/en/","平台公开目录不是全部 ALOS 原始高分数据都免费；下载格式、比例因子与时间聚合逐集合适配。","待接入"
"geodata-china","国家地球系统科学数据中心","thematic","china-data","国内科学数据平台 · 获取条件按数据集区分","中国、典型区域及全球专题产品混合","按 DOI 与具体记录","栅格 / 矢量 / 科学数据文件；逐集确定","逐数据集核对权限","逐数据集的开放、注册、申请及引用条款","P2","https://www.geodata.cn/","https://www.geodata.cn/main/help/aboutuskxsj","只将符合二维范围的具体数据集接入；平台介绍或开放数量不是全部资源下载可用的证据。","待接入"
"tpdc","国家青藏高原科学数据中心","thematic","china-data","气候 / 地形 / 影像数据集 · 独立获取条款","青藏高原、中国及全球专题；按具体数据集核对","按具体 DOI 与发布版本","栅格 / 矢量 / 科学文件 / 区域影像","逐数据集核对权限","开放下载、注册或申请均可能，逐 DOI 记录核对","P2","https://data.tpdc.ac.cn/","https://data.tpdc.ac.cn/","官网可见 2026 年灾害 SAR 与二维地形专题；未实际下载。排除点云、三维模型，不把样例数据当全球归档。","待接入"
"resdc-cnlucc","RESDC 中国多时期土地利用","thematic","land-cover","免费 1 千米 / 有限样例 · 完整 30 米另核权限","中国各时相 / 区域；按发布档案确认","旧 DOI 与 2026 更新记录分别核查，不混用","1 千米栅格 / 30 米样例 / 矢量样例","逐数据集核对权限","注册下载与联系获取分开；正式产品许可需要进一步核对","P3","https://www.resdc.cn/DOI/doi.aspx?DOIid=54","https://www.resdc.cn/DOI/doi.aspx?DOIid=54 | https://www.resdc.cn/DOI/DOI.aspx?DOIID=201","官方记录存在旧新 DOI 与样例 / 全量说明差异，直接获取不稳定；列为待政策核实，不宣称完整 30 米产品免费。","待接入"
"gscloud","地理空间数据云","imagery","china-data","注册获取公开产品 · 商业高分另行授权","按各卫星 / 高程 / 专题数据发布范围","按实际目录记录","平台检索 / 原始产品 / 注册下载","逐数据集核对权限","公开与商业产品分别确认，不以平台口号代替资产许可","P2","https://gscloud.cn/","https://gscloud.cn/","官网明确 GF-1 的 2 米 / 8 米产品收费与 16 米免费分开。优先去重现有 Landsat / Sentinel / MODIS，不增加重复数据下载。","待接入"
