"ID","地域分组","平台","发帖日期","日期依据","主题","链接","需求类型","用户需求","可行性","当前基础","缺口","优先级","对话验收示例","能力依据","可读性","证据限制"
"R2-C01","国内平台","CSDN 问答","2025-06-04","原帖作者时间","91 卫图显示天地图仅供预览，如何下载","https://ask.csdn.net/questions/8388629","下载与交付","用户看到卫星底图，却遇到仅供预览提示；希望知道实际可下载的来源。","部分支持","已有公开产品原件和渲染影像入口。","天地图该资产许可及授权未验收；需解释预览、渲染成果和科学原件的区别，提供合规替代产品。","P0","下载这片区域可合法保存的影像，说明实际来源、日期和是否为原始数据。","docs/agent.md:158; crates/geod-runtime/src/agent_actions/catalog.rs:35","正文核读","回答明确含 AIGC；仅采用原始提问，不采纳其操作建议。"
"R2-C02","国内平台","CSDN 问答","2023-11-09","原帖明确日期","自然资源卫星云平台只能导出文件名","https://ask.csdn.net/questions/8027013","下载与交付","检索有结果，但下载相关选项灰色，只有文件名可导出。","需接入","目前已做 NASA / CDSE 软件内账号入口。","该国内平台未接入；要核实账号、产品授权及交付方式，不能把目录命中当成功下载。","P1","检查这些国内卫星产品能否实际下载，缺少什么授权请明确指出。","docs/provider-integration-status.md:15","正文核读","历史用户故障，不代表当前平台仍故障。"
"R2-C03","国内平台","CSDN 问答","2025-01-10","原帖作者时间","陆地观测卫星平台订单完成却没有影像","https://ask.csdn.net/questions/8175354","下载与交付","平台订单完成后点击下载，却未得到遥感图像文件。","需接入","原生下载有任务、文件读取与验收基础。","国内订单平台未接入；订单完成、下载启动、本地文件验收需分别记录。","P1","把订单中的影像保存到本地，并列出成功文件和未交付项。","docs/provider-integration-status.md:9","正文核读","回答注明使用豆包；不采用其未经验证的排障结论。"
"R2-C04","国内平台","CSDN 问答","2024-02-05","网页原帖日期","寻找高分五号 GMI 一级数据官方入口","https://ask.csdn.net/questions/8062501","产品选择","用户明确需要 GF-5 GMI L1，想找具体官方获取入口。","需接入","二维看板可展示待接入产品。","GF-5 GMI 产品、目录、账号及许可未适配；不以普通光学 RGB 替代。","P1","找高分五号 GMI 一级数据的官方获取渠道，确认我是否有下载权限。","docs/provider-integration-status.md:9","正文核读","Exa 首次 521，补充网页阅读成功；未验证该产品真实下载。"
"R2-C05","国内平台","CSDN 问答","2024-09-06","网页原帖日期","全年 Sentinel-2 NDVI 如何得到植被生长季开始日期","https://ask.csdn.net/questions/8141767","下载后分析","用户已下载全年影像并计算 NDVI，仍无法生成生长季开始日期空间图。","需研发","已有 MODIS NDVI / EVI 原值和质量处理。","S2 NIR 科学层、时序平滑、物候定义、缺测处理与验证未完成。","P2","按这片区域全年影像生成生长季开始日期图，说明算法和缺测。","docs/agent.md:158; crates/geod-runtime/src/agent_actions/catalog.rs:35","正文核读","下载已完成仍需分析；不能把更多下载当作完整解决。"
"R2-C06","国内平台","CSDN 问答","2025-12-26","原帖作者时间","洞庭湖湿地植被研究缺少边界矢量","https://ask.csdn.net/questions/9120539","区域定义","近十年洞庭湖湿地植被覆盖研究，卡在湿地边界矢量的定义和获取。","部分支持","已有全球行政区、地点及本地矢量导入基础。","湿地、流域和保护区不等同于行政区；需边界来源、定义、年份和确认，不能自动编造。","P0","准备洞庭湖湿地研究边界，说明定义与年份，再按此边界找影像。","docs/provider-integration-status.md:25","正文核读","论坛回答只作讨论，不视为权威湿地边界标准。"
"R2-C07","国内平台","小木虫","2012-10-03","原帖明确日期","MODIS 地表温度产品、缺测和单位如何理解","https://muchong.com/t-5020723-1","产品选择","用户不清楚产品级别，日温度缺日期，且不知道 DN 如何转为温度。","需接入","已有部分 MODIS 指数与反射率产品的单位和 QA。","MOD11 温度产品未适配；需产品级别、单位、比例因子、质量和缺测说明。","P1","下载研究区逐日地表温度，保留单位、质量标记，并列出缺测日期。","docs/agent.md:158; crates/geod-runtime/src/agent_actions/catalog.rs:35","正文核读","2012 年历史工作流；不采用回复中的具体温度换算数值。"
"R2-C08","国内平台","小木虫","","可见 2017-05 回复；原始发帖日期未确认","拼接影像色差大，Photoshop 处理会丢坐标","https://muchong.com/t-11332926-1","下载后分析","2015 / 2017 影像色差大，尝试匀色不满意，担心外部修图丢失地理坐标。","部分支持","已有带坐标裁剪 / 同网格拼接和独立显示拉伸。","无匀色工具及外部编辑往返；展示调色要与科学原值分开并保持地理参考。","P2","把这两景拼接用于展示，保留地理坐标及原始科学值。","docs/provider-integration-status.md:9","存档索引补充","索引正文可读；实时页面提示归档禁止浏览。回复中的重新配准建议未验证。"
"R2-C09","国内平台","地信网","","可见回复 2019-04-07 至 09；原帖日期未确认","需要黑龙江双鸭山市历年城区影像","http://bbs.3s001.com/thread-267532-2-1.html","批量与时序","论文需要双鸭山市历年城区遥感影像，希望有人协助获取。","部分支持","当前公开光学源可按区域和历史时间检索。","需要中文地名解析、可用年份报告、同季节及覆盖一致性；不能保证每年都有合适数据。","P1","找双鸭山市历年同季节影像，按年份保存并列出缺少年份。","crates/geod-runtime/src/projects.rs:13; docs/agent.md:135","存档索引补充","只计一个线程；正文来自索引缓存，实时站点不可读。软件分享及感谢回复不计需求。"
"R2-C10","国内平台","小木虫","2014-12-28","首帖楼层时间；不使用 URL 的 201705 作发帖日期","MODIS 土地覆盖产品差异和江西省瓦片选择","http://muchong.com/html/201705/8351747.html","产品选择","不知道 MOD / MCD、12Q1 / 12Q2 区别和文件名；希望确定江西省需要哪些瓦片。","需接入","已有区域解析与部分 MODIS 正弦网格产品。","土地覆盖与物候产品需单独适配；通过实际覆盖选瓦片，不让用户手算 h/v。","P1","下载江西省某年土地覆盖产品，说明类别体系、版本及所需瓦片。","docs/agent.md:158; crates/geod-runtime/src/agent_actions/catalog.rs:35","正文核读","NASA 官方说明核对：MCD12Q1 是年度土地覆盖分类，MCD12Q2 是年度物候指标。"
"R2-I01","海外平台","Sentinel Hub Forum","2024-09-10","原帖明确日期","多云区域两年无云合成遇到图像数量和超时限制","https://forum.sentinel-hub.com/t/cloudless-mosaic-and-image-limit-in-sentinel-processing-api/9549","下载后分析","需要多年 median / quantile 合成，普通逐景处理受图像数量和请求限制影响。","部分支持","已有部分产品质量筛选及同网格拼接。","空间拼接不等于时间中位数合成；需 S2 科学层、AOI 质量、分块和可核对的时间合成。","P1","为多云研究区生成两年低云合成，报告实际有效观测与合成方法。","docs/agent.md:158; crates/geod-runtime/src/agent_actions/catalog.rs:35","正文核读","历史限额与错误只作为用户工作流证据。"
"R2-I02","海外平台","Sentinel Hub Forum","2024-01-22","原帖明确日期","时间段内每次影像的真实采集日期","https://forum.sentinel-hub.com/t/download-of-multiple-images-and-dates-in-a-specific-time-period/8488","批量与时序","用户按每天请求图像，却不确定返回图像实际是哪天采集，希望获得期间全部观测。","部分支持","STAC 元数据与原生逐景日期已有基础。","请求日期不能充当采集日期；需完整分页、重复 / 缺失清单及合成时段说明。","P0","下载这个月每次真实观测，并用实际采集时间命名文件。","docs/agent.md:759","正文核读","不能把服务按日期返回的合成影像认作当天单景。"
"R2-I03","海外平台","Sentinel Hub Forum","2023-05-31","原帖明确日期","20 块农田整个夏季 RGB GeoTIFF 批量下载","https://forum.sentinel-hub.com/t/download-multiple-images/7396","批量与时序","已有农田 GeoPackage，需要全部地块在三个月内的 RGB GeoTIFF，现有示例只处理一景。","部分支持","本地 GeoPackage 和受限工程下载可复用。","多地块 × 日期队列、命名、清单、失败续跑与容量预检未完成。","P1","按这 20 块农田分别下载整个夏季影像，保留地块 ID 和采集日期。","crates/geod-runtime/src/projects.rs:13; docs/agent.md:135","正文核读","不能把一个工程最多 32 景扩充描述为无限时间批次。"
"R2-I04","海外平台","Sentinel Hub Forum","2020-11-25","原帖明确日期","224×224 多时相多波段训练样本","https://forum.sentinel-hub.com/t/sentinel-2-l2a-multi-temporal-stack/2932","下载后分析","需要固定尺寸、20 米网格、多波段及云 / 阴影 / 饱和掩膜，按日期和波段输出。","需研发","已有 RGB / SCL 下载和同网格处理。","S2 NIR / SWIR 等层、统一重采样、固定像素切片及训练样本规格未完成。","P2","按指定波段输出每期 224×224 像素训练样本，附质量掩膜与采集时间。","docs/agent.md:158; crates/geod-runtime/src/agent_actions/catalog.rs:35","正文核读","固定训练样本是新增成果模式，不是普通裁剪尺寸的简单替换。"
"R2-I05","海外平台","Sentinel Hub Forum","2024-06-24","原帖明确日期","中国范围全年 Sentinel-2 L1C 多波段下载","https://forum.sentinel-hub.com/t/assistance-needed-for-year-long-sentinel-2-l1c-imagery-downloads-for-china-region/9350","批量与时序","大范围全年影像有空白及处理问题，希望确认区域、波段和下载设置。","需研发","已有受限区域 Sentinel-2 L2A 下载。","L1C 与 L2A 不应互换；需范围 / 网格预检、跨分区、全年批次和科学波段。","P1","准备中国指定研究区一整年 L1C 数据，先检查覆盖和网格，再估算容量。","crates/geod-runtime/src/projects.rs:13; docs/agent.md:135","正文核读","海外平台上的中国研究区需求；不据此推断作者国籍。"
"R2-I06","海外平台","Copernicus Data Space Community","2025-05-08","原帖明确日期","NetCDF 有 18 期，GeoTIFF 却只得到一层","https://forum.dataspace.copernicus.eu/t/openeo-download-issue-as-geo-tiff-vs-nc-for-sentinel2/3669","下载与交付","用户期望保存全部时相，导出格式切换后发现时间维度没有按预期保留。","部分支持","原生工程保留逐景元数据。","openEO 导出未接入；需逐期独立文件或明确多维容器，验收时间维度完整性。","P0","把这 18 期影像逐期保存为 GeoTIFF，附日期与文件对应表。","docs/agent.md:759","正文核读","后续 4713 帖链接同一问题，按一个需求去重。"
"R2-I07","海外平台","Esri Community","2024-03-26","原帖明确日期","没有 Raster Analytics，想导出 Sentinel-2 原分辨率 TIFF","https://community.esri.com/t5/arcgis-api-for-python-questions/sentinel2-image-service-clip-without-raster/td-p/1401090","下载与交付","企业 ImageServer 区域裁剪结果分辨率不符合期望，且没有栅格分析授权。","部分支持","公开 ArcGIS PNG 保存及公开 Sentinel COG 原件已有基础。","账号 ImageServer 科学 TIFF 未接入；替代公开源须说明波段、分辨率和来源差异。","P1","保存这个区域原分辨率科学数据，没有服务权限就说明并提供可用公开替代。","docs/provider-integration-status.md:32","正文核读","公开渲染 PNG 不等同于该用户要的原始多波段 TIFF。"
"R2-I08","海外平台","Esri Community","2024-04-14","原帖明确日期","光伏识别模型需要 Sentinel-2 BOA 完整 SAFE，而不是 RGB","https://community.esri.com/t5/imagery-and-remote-sensing-questions/downloading-sentinel-2-l2a-data/td-p/1409526","产品选择","用户下载到 RGB TIFF，但目标模型要求 Sentinel-2 L2A 反射率完整 SAFE 产品。","部分支持","CDSE 完整 SAFE 下载适配和账号入口已实现。","暂无真实账号正向原包验收；需完整包、模型输入契约及授权验证，不能替换成视觉 RGB。","P0","下载适合该光伏识别模型的完整 L2A SAFE，先核对其输入要求。","docs/provider-integration-status.md:15","正文核读","原帖已标记解决；这证明产品选择障碍，不证明当前官方浏览器故障。"
"R2-I09","海外平台","Esri Community","2024-02-01","原帖明确日期","Landsat 全色融合 15 米导出失败，较粗分辨率能成功","https://community.esri.com/t5/arcgis-rest-apis-and-services-questions/landsat8-pansharpened-image-export/td-p/1376951","下载后分析","同一导出请求在目标 15 米输出遇到类型错误，粗分辨率输出可成功。","需研发","当前 Landsat 下载 RGB 与两类 QA。","全色波段、融合、数据类型与渲染参数未适配；不能用粗化成果静默替代。","P2","输出 15 米全色融合图，明确实际网格与处理方式；不支持就说明。","docs/agent.md:158; crates/geod-runtime/src/agent_actions/catalog.rs:35","正文核读","帖子已解决；不视为当前持续故障。"
"R2-I10","海外平台","Esri Community","2023-05-27","原帖明确日期","ArcGIS REST 下载 DEM 得到 HTML 而不是栅格","https://community.esri.com/t5/python-questions/download-queried-raster-from-arcgis-rest/td-p/1293773","下载与交付","用户希望将 USGS 3DEP 服务中的查询区域实际保存为 TIFF，却保存了网页内容。","需接入","已有 GLO 高程原值与公开 ArcGIS 渲染。","3DEP 科学导出未适配；需响应类型 / 文件头校验、真实文件解析和实际覆盖核对。","P0","把研究区 DEM 保存为可读取的 TIFF，并检查原值、单位和覆盖。","docs/provider-integration-status.md:32","正文核读","3DEP 来源需求不能用 PNG 渲染成果满足。"
"R2-I11","海外平台","Esri Community","2021-12-14","原帖明确日期","ArcGIS Pro 中批量获取光学影像做指数与分类","https://community.esri.com/t5/arcgis-pro-questions/bulk-download-of-optical-images-from-arcgis-pro/td-p/1126054","批量与时序","需要 Landsat / Sentinel 科学影像批量用于指数、分类和时间序列，在线图层使用受阻。","部分支持","公开目录及工程原件下载可复用。","任意科学波段、时间批次、跨网格和后续分类仍缺失。","P1","为分类研究批量准备影像，按所需科学波段检查而不是只下载真彩色。","docs/agent.md:158; crates/geod-runtime/src/agent_actions/catalog.rs:35","正文核读","历史平台体验不代表现有 ArcGIS 服务状态。"
"R2-I12","海外平台","GitHub Issues","2025-11-21","Issue 创建时间；回复读至 2026-05","SAS 开始时间被误判为到期时间","https://github.com/microsoft/PlanetaryComputer/issues/463","下载可靠性","用户将 SAS 开始日期早于当前日期判断为已过期，担心批次无法下载。","可复用已有能力","已有原生 SAS 签名与更新；可据错误分类诊断。","应区分用户假设、真实到期字段与实测请求，不让模型无根据宣称平台签名故障。","P0","检查这个批次失败的实际原因，区分令牌到期、权限、网络和源文件变化。","docs/provider-integration-status.md:9","正文核读","回复解释 st 与 se 并给出成功请求；原帖标题不是已证实的签名故障。"
"R2-I13","海外平台","GitHub Issues","2026-05-02","Issue 创建时间","复杂 STAC 查询超时，简单健康检查通过","https://github.com/microsoft/PlanetaryComputer/issues/476","检索可靠性","复杂 AOI / 时间查询超时，简单集合检查正常，用户很难判断服务是否可用。","部分支持","已有保存目录、分页和原始查询记录。","需按真实查询形状探测、受控拆分和恢复；错误不应变成零结果。","P0","查询实际研究区的历史影像；超时请解释并安全恢复，不要当作没有数据。","docs/agent.md:759","正文核读","约 70% 是报告者在指定时段的样本，不是本轮测量或当前全平台故障率。"
"R2-I14","海外平台","GitHub Issues","2024-08-03","Issue 创建时间","遇到 429 / 504 时希望自动退避继续批次","https://github.com/cmosig/sentle/issues/9","下载可靠性","用户请求在限流或网关错误时退避，让长下载能够恢复而不是整个退出。","部分支持","已有原生下载恢复、条件 Range 及任务状态。","需长期批次检查点、重试预算、取消和失败清单；不能无限模型重试。","P0","批量下载时限流自动退避，保留进度；停止后只重跑缺失项。","crates/geod-runtime/src/projects.rs:13; docs/agent.md:135","正文核读","已关闭的增强请求，仅说明恢复需求，不宣称当前该库仍缺失。"
"R2-I15","海外平台","NASA Earthdata Forum","2024-03-07","首帖作者时间","下载脚本中的年份和瓦片与查询结果不一致","https://forum.earthdata.nasa.gov/viewtopic.php?t=5277","下载与交付","MOD11A1 查询 519 个 granule，批量脚本却含错误年份和瓦片，手动下载表现不同。","需接入","已有来源绑定、原文件和目录归档基础。","MOD11A1 未接入；需要逐项核对产品、瓦片、时间与查询清单，哈希正确仍可能拿错数据。","P0","按这些日期和瓦片下载 LST，并核对每个文件是否符合查询条件。","docs/agent.md:759","正文核读","报告历史错误，不推断根因或当前故障。"
"R2-I16","海外平台","NASA Earthdata Forum","2025-01-02","原帖明确日期","AppEEARS 输出只有 S3 地址，希望交付本机","https://forum.earthdata.nasa.gov/viewtopic.php?t=6320","下载与交付","用户想在本地批量取得结果，不希望只在同区域 EC2 中读取 S3。","需接入","当前支持产品可保存受管本地原件。","AppEEARS 任务和交付未接入；需账号授权、导出轮询及本地实际文件验证。","P1","把 AppEEARS 结果真正保存到我电脑，而不是只给云端链接。","docs/provider-integration-status.md:15","正文核读","云端结果可见不等于本地交付成功。"
"R2-I17","海外平台","NASA Earthdata Forum","2025-02-03","首帖作者时间","初学者不知道怎么下载 MOD13Q1 栅格","https://forum.earthdata.nasa.gov/viewtopic.php?t=6414","产品选择","用户只知道 MOD13Q1，仍不知道栅格如何获取和使用。","可复用已有能力","已有 MOD13Q1 / MYD13Q1 v061 PC COG、科学原值与质量筛选。","先确定区域、时间和所需图层；明确 PC 转换 COG 与 NASA 原 HDF 的区别。","P0","下载指定区域的 MOD13Q1 NDVI，保留科学单位和质量信息。","docs/agent.md:158; crates/geod-runtime/src/agent_actions/catalog.rs:35","正文核读","是已有能力适合承接的场景；本轮未执行新的自然语言验收。"
"R2-I18","海外平台","NASA Earthdata Forum","2023-07-19","首帖作者时间","希望按自己的 Shapefile 范围下载子集","https://forum.earthdata.nasa.gov/viewtopic.php?t=4477","区域定义","用户不知道哪些 NASA 工具能用上传的矢量范围做空间子集。","部分支持","已有本地矢量及部分产品同网格多边形裁剪。","AppEEARS 等服务未适配，通用重投影和真正远端 AOI 子集缺失。","P1","按我的 Shapefile 范围准备影像，先检查坐标系和边界再下载。","docs/provider-integration-status.md:25","正文核读","整景下载后本地裁剪与远端按区域采集分别标明。"
"R2-I19","海外平台","ESA STEP Forum","2020-06-17","原帖明确日期","灾前灾后 Sentinel-1 升降轨不匹配","https://forum.step.esa.int/t/compare-s1a-and-s1b-images-for-change-detection/23724","下载后分析","气旋洪灾前后影像来自不同轨向，叠加比较产生疑问。","部分支持","已有 IW RTC 极化与升降轨筛选及原值读取。","相对轨道 / 几何可比性、GRD 处理与变化分析未完成；不任取最近两景作科学比较。","P1","准备灾前灾后可比较的雷达影像，核对轨道、极化、网格和日期。","docs/agent.md:158; crates/geod-runtime/src/agent_actions/catalog.rs:35","正文核读","回复存在观点差异，不采用未经核实的科学阈值。"
"R2-I20","海外平台","ESA STEP Forum","2020-09-22","原帖明确日期","SAR 洪灾参考图偏暗，不知道是不是水","https://forum.step.esa.int/t/flood-detection-using-sar/25528","下载后分析","同轨灾前参考图异常暗，用户无法判断水体、处理或显示问题。","部分支持","已有 RTC Float32 gamma0 / dB 与原值检查。","原始 GRD 校准、参考图质量与洪灾判读未完成，黑色显示不能直接当水体。","P1","检查灾前灾后雷达图为什么偏暗，区分显示范围、无效值和真实信号。","docs/agent.md:158; crates/geod-runtime/src/agent_actions/catalog.rs:35","正文核读","这是分析邻接需求，不能仅以两景下载完成宣称已识别洪水。"
"R2-I21","海外平台","ESA STEP Forum","2025-06-01","原帖明确日期","Sentinel-2 真彩色看不出火烧痕迹","https://forum.step.esa.int/t/mapping-fires-with-s2-images/44628","下载后分析","火灾制图中 RGB 不明显，既有做法对新影像无效，希望正确选时相和产品。","需研发","当前固定 S2 下载项为 visual / SCL。","NIR / SWIR、火前火后匹配、NBR 等科学指标与验证尚缺。","P1","准备此次火灾前后低云影像及烧毁区分析所需波段，并报告可比较性。","docs/agent.md:158; crates/geod-runtime/src/agent_actions/catalog.rs:35","正文核读","作者澄清本次为 2025 火灾；不误写成用户选错年份。"
"R2-I22","海外平台","ResearchGate","2015-04-07","Asked 时间","在一张地图上联合查 Landsat 和 MODIS","https://www.researchgate.net/post/Does-any-one-know-how-to-query-available-Landsat-and-MODIS-data-within-one-map","多源发现","用户不熟悉 path/row 和 h/v，希望同一地图查询两种产品并确定覆盖。","可复用已有能力","现有多源目录、区域检索与地图显示可承担来源查找基础。","跨源统一查询 / 排序、覆盖完整性和科学可比性仍需明确验证。","P0","在同一研究区查 Landsat 与 MODIS，比较覆盖、日期和实际分辨率。","docs/provider-integration-status.md:9","正文核读","国际平台上的提问；作者页面标注中国科学院，不把平台所在地等同用户国籍。"
"R2-I23","海外平台","ResearchGate","2013-10-18","Asked 时间","西非小区域土地变化研究，想找低成本数据","https://www.researchgate.net/post/How-can-one-obtain-small-scale-satellite-data-on-land-use-and-land-changes","产品选择","研究者需要小尺度西非稀树草原土地利用 / 变化数据，希望降低获取成本。","部分支持","全球公开光学影像来源可复用。","要先确认最小目标尺度、实际年份和许可；分类与土地变化分析未完成。","P1","为西非这片研究区选免费可引用的土地变化影像，说明分辨率是否够用。","docs/agent.md:158; crates/geod-runtime/src/agent_actions/catalog.rs:35","正文核读","历史获取问题不能证明如今特定产品仍收费或仍可免费获得。"
"R2-I24","海外平台","Stack Overflow","2024-03-04","Asked 时间","Earth Engine 导出的 Landsat TIFF 是黑色","https://stackoverflow.com/questions/78101058/black-tif-images-when-filtering-landsat-imagery-in-google-earth-engine","成果验收","用户改变范围、大小和比例仍得到黑图，不知道文件是否真的有有效数据。","部分支持","原值、NoData 和显示拉伸检查已有基础。","通用 GEE 未接入；需独立查覆盖、掩膜和科学值，不直接猜测黑图根因。","P0","检查这份 TIFF 是否有有效覆盖与像元，区分无数据和显示问题。","docs/provider-integration-status.md:9","正文核读","只采用问题，不将单一回复当科学根因结论。"
"R2-I25","海外平台","GIS Stack Exchange","2026-03-13","Asked 时间","永不联网电脑需要可商用全球卫星 MBTiles","https://gis.stackexchange.com/questions/500272/world-satellite-map-with-qgis-in-an-offline-computer","离线交付","用户只能硬盘搬运数据，希望免费合法商用、能在离线 QGIS 打开的 MBTiles。","部分支持","已有受限 MBTiles 导入与部分渲染影像离线保存。","当前 128 MiB / 512 瓦片限制；全球金字塔采集、MBTiles 制作和逐资产许可验收未完成。","P1","准备可离线使用的影像包，先核对商用许可、覆盖、容量和 QGIS 兼容性。","docs/provider-integration-status.md:27","正文核读","许可必须查实际产品及年份；不直接采纳回复中的许可证推断。"
"R2-I26","海外平台","GIS Stack Exchange","2024-12-12","Asked 时间","脚本启动了 11 个 GEE 导出任务却没有文件","https://gis.stackexchange.com/questions/488702/downloading-satellite-raster-data-using-earth-engine-lib-in-python","成果验收","打印任务启动日志，但用户在 Drive 看不到最终文件。","部分支持","已有 settled 状态和本地文件验收的任务链。","GEE 导出未接入；需轮询、失败原因和实际目标文件核对，启动日志不等于交付。","P0","检查导出任务是否真正完成，列出本地或目标目录中的实际文件。","docs/provider-integration-status.md:9","正文核读","提问者具体输出为 11 景；本轮没有执行该脚本。"
"R2-I27","海外平台","GIS Stack Exchange","2022-05-01","Asked 时间；不把 2026 最后活跃作发帖日期","CSV 点位不同缓冲区的月均 NDVI 表","https://gis.stackexchange.com/questions/430165/calculate-monthly-modis-ndvi-of-multiple-regions-using-gee-python-api-and-export","下载后分析","坐标 CSV 中多个地点，分别按不同缓冲距离取得月度 NDVI 时间序列 DataFrame。","需研发","已有 MODIS 指数原值和矢量输入基础。","缓冲区、分区统计、月合成、QA / 缺测及表格输出未实现为完整任务。","P1","按这份地点 CSV 输出每站多个缓冲区的月均 NDVI，附有效观测数量。","docs/agent.md:158; crates/geod-runtime/src/agent_actions/catalog.rs:35","正文核读","与同作者 429958 前置问题归为一个需求，不重复计数。"
"R2-I28","海外平台","Stack Overflow","2023-07-12","Asked 时间","多个坐标的 MOD13Q1 历年 NDVI CSV 导出投影错误","https://stackoverflow.com/questions/76670361/unable-to-export-time-series-from-modis-ndvi-in-gee-as-transforming-geometry-int","下载后分析","用户需要每个地点 2010–2022 NDVI 时序 CSV，遇到几何投影转换错误。","需研发","已有 MOD13Q1 原值、比例因子与质量读取。","批量点取值、坐标转换、科学比例因子与米制采样距离分开、时序 CSV 尚缺。","P1","把这些站点的历年 NDVI 输出 CSV，保存日期、QA、单位和缺失值。","docs/agent.md:158; crates/geod-runtime/src/agent_actions/catalog.rs:35","正文核读","从原始代码看到 scale 被混用；不将论坛代码复制为软件正确实现。"
