"编号","平台","发帖日期","日期证据与限制","原帖标题","原帖链接","用户实际需求","当前可解决程度","已实现且有记录的能力","缺口与限制","可转成的中文对话需求_调研演绎","建议优先级","仓库能力证据"
"D01","Reddit r/gis","2025-03-26","检索索引明确日期；正文核读","How to download Landsat satellite imagery?","https://www.reddit.com/r/gis/comments/1jkjp48/how_to_download_landsat_satellite_imagery/","波士顿能看清建筑的影像；希望全市一张图而非手动逐瓦片","可利用现有能力完成受限范围","NAIP RGB+NIR 原文件、地图和同网格裁剪/拼接已有真实验收","先确认建筑尺度及可用年份；全市高分辨率需要容量/网格预检，不能承诺任意整市单文件","下载波士顿能看清建筑的公开影像，告诉我实际年份，按城区边界保存为GeoTIFF。","P0","docs/provider-integration-status.md:20; docs/agent.md:538"
"D02","Reddit r/remotesensing","2026-09-29","检索明确日期；原帖正文核读","Free high-resolution satellite imagery sources for university research?","https://www.reddit.com/r/remotesensing/comments/1wt8ric/free_highresolution_satellite_imagery_sources_for/","伊朗低于10米的NDVI/NDRE历史时序；免费或学术可用","当前不能完整满足","公开Sentinel真彩色/SCL；固定Agent不提供NIR/红边下载或NDRE","区域可用授权高分数据、NIR/红边科学波段、指数与时序；不得用重采样或真彩色冒充","给我伊朗这片农田小于10米、可发表研究的NDVI/NDRE时序；没有合适数据请明确说明。","P1","crates/geod-runtime/src/agent_actions/catalog.rs:35; docs/agent.md:158"
"D03","Reddit r/remotesensing","2024-07-03","检索明确日期；原帖正文核读","How to download high resolution thermal satellite imagery?","https://www.reddit.com/r/remotesensing/comments/1dusn6g/how_to_download_high_resolution_thermal_satellite/","德黑兰城市热岛项目的高分辨率热红外影像","当前不能满足","当前Landsat固定下载项是RGB和QA；没有温度产品适配","Landsat地表温度/ECOSTRESS等逐产品接入，温度校准、质量和实际空间分辨率","下载德黑兰夏季热岛分析用的地表温度影像，保留温度单位和质量信息。","P1","crates/geod-runtime/src/agent_actions/catalog.rs:37"
"D04","Reddit r/remotesensing","2026-05-27","检索明确日期；原帖正文核读","Is it possible to download high-resolution Google Maps satellite imagery for free for research purposes?","https://www.reddit.com/r/remotesensing/comments/1tpahaz/is_it_possible_to_download_highresolution_google/","南亚深度学习特征提取，类似Google卫星底图的高清数据及使用权","可帮助选源；不能承诺下载目标数据","公开原波段与渲染底图分别登记；通用服务来源有局部适配","各国正射/授权数据源覆盖、训练与发表许可核查；地图可见不等于原波段或下载权","找适合南亚建筑识别训练的公开高清影像，列出覆盖、年份和使用条件再下载。","P1","docs/provider-integration-status.md:20; docs/provider-integration-status.md:29"
"D05","GIS Stack Exchange","2025-05-21","核读原帖明确日期","Limit to the bounding box size when making requests using the Sentinel Hub API","https://gis.stackexchange.com/questions/493572/limit-to-the-bounding-box-size-when-making-requests-using-the-sentinel-hub-api","AOI扩大后10米RGB请求触发2500像素宽高上限；希望保持分辨率","有替代来源基础；大范围需补齐","可走Earth Search/PC直接COG；同网格流式拼接，工程最多32景","自动分片、跨网格重投影、预算预检和分片交付；论坛API上限不等于本软件上限","按10米分辨率下载这个较大区域，自动分片，不能偷偷降分辨率。","P0","crates/geod-runtime/src/projects.rs:13; crates/geod-runtime/src/mosaic/stream.rs"
"D06","GIS Stack Exchange","2024-01-10","核读原帖明确日期","Download Sentinel-2A imagery to local machine","https://gis.stackexchange.com/questions/474018/download-sentinel-2a-imagery-to-local-machine","按矢量边界逐景导出S2，导出分裂且ArcGIS波段值异常","RGB/SCL流程可解决部分；任意波段不足","保留原始类型、网格与校准；真实文件下载和原值检查","S2科学波段未覆盖；需数据类型/缩放/NoData检查，不能把显示拉伸图当科学数据","按我的边界逐景下载哨兵数据，保留科学数值，并检查GeoTIFF能否正确读取。","P0","docs/agent.md:158; docs/agent.md:219"
"D07","GIS Stack Exchange","2023-08-20","核读原帖明确日期","Opening a Sentinel 2 imagery from AWS servers using Python rasterio module","https://gis.stackexchange.com/questions/465480/opening-a-sentinel-2-imagery-from-aws-servers-using-python-rasterio-module","只读多边形内B04/B08计算NDVI；整景下载慢且结果数值错误","当前不能完整满足","COG预览和下载后裁剪已有；固定S2仅visual/SCL","按AOI远程COG窗口采集；S2红/NIR、校准后的NDVI及原值核对","只下载这个地块的红光和近红外，不下载整景，并生成正确的NDVI。","P0","docs/provider-integration-status.md:12; crates/geod-runtime/src/agent_actions/catalog.rs:35"
"D08","GIS Stack Exchange","2021-03-02","核读原帖明确日期；保留旧帖作工作流需求","Obtaining small images that intersect with shapefile on Google Earth Engine","https://gis.stackexchange.com/questions/388738/obtaining-small-images-that-intersect-with-shapefile-on-google-earth-engine","1250个2.5公里方格分别导出10米RGB合成，现有脚本崩溃","小批次基础可复用；规模工作流未覆盖","单工程区域裁剪与有界任务；不是1250地块批量产品","多AOI循环、按要素编号命名、时间合成、持久批次清单与部分成功恢复","按上传文件中的地块分别下载，按地块编号命名，失败的单独列出。","P1","crates/geod-runtime/src/projects.rs:13; docs/agent-conversation.md"
"D09","ESA STEP Forum","2021-12-16","核读原帖明确日期；旧帖不当作当前故障","Manually download DEMs","https://forum.step.esa.int/t/manually-download-dems/34219","公司代理/离线场景下手动准备SRTM地形校正辅助数据","公开高程可替代部分；不等同原需求","GLO-30/90下载和同网格处理已验收；SRTM授权原包待真实账号","指定SRTM1/3、EGM96/EGM2008及DSM差异必须解释；SNAP辅助目录/轨道安装未实现","给我这个研究区可离线使用的高程；如果不是SRTM，请说明产品和高程基准差异。","P0","docs/provider-integration-status.md:17; docs/provider-integration-status.md:19"
"D10","ESA STEP Forum","2019-05-18","核读原帖明确日期；旧帖作归档/规模需求","Downloading Sentinel 1 data of an entire Country","https://forum.step.esa.int/t/downloading-sentinel-1-data-of-an-entire-country/15597","整个国家2017至2018年的全部Sentinel-1原始数据，部分历史产品难找","RTC子集可做；原始整国归档未覆盖","Sentinel-1 IW RTC VV/VH/HH/HV原文件与处理有真实记录","GRD/SLC及轨道选择、归档完整性、海量时序和跨网格；RTC不能静默代替GRD/SLC","下载这个国家2017至2018年的Sentinel-1；先核实我要的是RTC还是GRD/SLC。","P1","docs/provider-integration-status.md:24"
"D11","Copernicus Data Space Community","2024-07-02","核读原帖及回复明确日期","Access token creation failed for large number of image download","https://forum.dataspace.copernicus.eu/t/access-token-creation-failed-for-large-number-of-image-download/835","批量5000景S2 L1C运行10小时后token失效","授权适配基础已实现；规模/产品未验收","Global有CDSE授权与受保护L2A SAFE适配；没有真实授权正向验收","L1C不在固定来源；5000景队列、刷新/重认证、来源绑定恢复、限流；不可承诺AI修复提供方","批量下载5000景，令牌失效时保留进度并引导重新授权，不重复成功文件。","P1","docs/agent.md:182; docs/provider-integration-status.md:16"
"D12","Copernicus Data Space Community","2026-05-08","核读；2026-05-18/19用户确认恢复","OData and browser downloads 503","https://forum.dataspace.copernicus.eu/t/odata-and-browser-downloads-503/5067","目录与登录均正常，原包下载503，浏览器同样失败","应正确报告与恢复；不能保证直接解决","任务区分失败与成功；用户可明确重试；不同源不能默认视为同产品","区分上游故障/授权/网络；同等产品镜像推荐需核实，不偷换SAFE为预览；此帖故障已恢复","这次下载失败，检查是授权还是服务故障；有等价公开来源时说明差异再继续。","P0","docs/agent-conversation.md:45; docs/agent-integration-status.md:49"
"D13","NASA Earthdata Forum","2025-08-19","核读原帖作者时间","HLS data access and spatial subsetting","https://forum.earthdata.nasa.gov/viewtopic.php?t=7149","数百H3区域2015至今每日HLS L30/S30 B2/B4/NIR/Fmask并计算EVI，整景慢/云访问拒绝","当前不能完整满足","固定HLS仅L30 RGB；原包正向授权待验收","S30、NIR/Fmask、远程区域读、多AOI/多年批次、EVI；不能以MODIS 16天EVI替代高频HLS","每天检查这些地块的HLS新数据，下载所需波段并续接EVI时序。","P1","crates/geod-runtime/src/agent_actions/catalog.rs:44; docs/provider-integration-status.md:15"
"D14","NASA Earthdata Forum","2024-03-31","核读原帖作者时间","Question about MODIS daily data GeoTIFF download","https://forum.earthdata.nasa.gov/viewtopic.php?t=5356","北极2000至2023年每日MCD43A4/反照率GeoTIFF，订单长期排队","当前不能满足指定产品","已接MOD09A1/MYD09A1 8天与MOD13Q1/MYD13Q1 16天；不是整个MODIS平台","MCD43产品接入与多年日序列分片；不把8天/16天产品当每日数据","下载这片北极区域2000至2023年每日MCD43A4，不要用8天反射率替代。","P1","docs/provider-integration-status.md:11; docs/provider-integration-status.md:21"
"D15","小木虫","","原帖发布日期未抽取；可见2019-12-08回复，不据此推定发帖日期","请问GF和SPOT卫星数据有免费下载的地方吗？","https://muchong.com/t-13708167-1","免费获取GF/SPOT高分辨率影像","可提供替代选源；未接目标数据","Global定位国际公开二维来源；未接GF/SPOT授权下载","数据可用性和使用权不因AI改变；可用公开源只能在分辨率/覆盖满足时推荐","我想找免费高分影像，先核实这片区域有哪些可用产品，不要直接给底图截图。","P2","docs/agent.md:158"
"D16","GIS Stack Exchange","2021-10-20","核读原帖明确日期；旧帖作AOI质量需求","Filtering Sentinel2 image collection by cloud coverage over specific polygon","https://gis.stackexchange.com/questions/414431/filtering-sentinel2-image-collection-by-cloud-coverage-over-specific-polygon","只按研究区云量筛选，整景云量会错删可用影像","缺少通用AOI评分","目录云量筛选、SCL数据与部分Landsat/MODIS质量处理已有","S2 AOI内有效覆盖、云/阴影比例与排序；单纯clip不会重新计算元数据云量，论坛答案不作为实现依据","只看我研究区的云和阴影比例，选覆盖完整且可用像元最多的一组影像。","P0","docs/agent.md:158; docs/provider-integration-status.md:14"
"D17","GIS Stack Exchange","2024-01-12","核读原帖明确日期","Error when trying to export monthly images from Sentinel 2","https://gis.stackexchange.com/questions/474194/error-when-trying-to-export-monthly-images-from-sentinel-2","逐月导出多光谱波段、NDVI/EVI等，批处理代码错误","现有单次下载不足以覆盖","MODIS已计算NDVI/EVI及质量处理；S2任意指数/逐月合成不在固定适配","按月拆任务、波段数学、合成策略、无数据月份标记与确定性命名","逐月下载2024年这片区域影像和NDVI，缺测月份明确列出。","P1","docs/agent.md:238; crates/geod-runtime/src/agent_actions/catalog.rs:35"
"D18","GIS Stack Exchange","2023-11-25","核读原帖明确日期","Discrepancy between actual size of coordinates and clipped satellite image box sizes","https://gis.stackexchange.com/questions/470900/discrepancy-between-actual-size-of-coordinates-and-clipped-satellite-image-box-s","AOI裁剪图仅覆盖部分区域；代码只选first景","可复用拼接；自动覆盖判定待强化","相交检索、原生同网格拼接、覆盖标记；明确目录相交不是完整覆盖","搜索分页、同日期可用景集合和覆盖率/缺口评估；不能一景first默认完成","下载完整覆盖这个区域的影像，拼接后检查哪些地方仍缺数据。","P0","docs/agent.md:246; docs/agent-conversation.md:33"
"D19","Copernicus Data Space Community","2026-04-10","核读；发帖人2026-04-13称已下载成功","401 Error message","https://forum.dataspace.copernicus.eu/t/401-error-message/4954","S2下载93%时令牌过期，耗时后重来","需账户实测才能作可靠承诺","保存授权和原生刷新路径已有；安全下载及部分文件区别","实际CDSE长传输/刷新/续取正向验收；帖子已解决，不当作现时服务不可用","这个任务下载到93%失败了，核对进度和授权后继续，不把部分文件标成完成。","P0","docs/agent.md:207; docs/provider-integration-status.md:16"
"D20","NASA Earthdata Forum","2024-08-28","核读原帖作者时间","Unable to download HLS data: 403 error but authenticated","https://forum.earthdata.nasa.gov/viewtopic.php?t=5893","已登录且可检索HLS，原波段下载却403","授权入口有；不能宣称端到端解决","Earthdata本机账号状态和受保护下载适配；正向原包等待测试账号","登录成功/产品权限/云端地域与具体访问权限分别诊断","我已经登录Earthdata却下载不了HLS，检查具体授权状态并说明下一步。","P0","docs/provider-integration-status.md:15; docs/agent.md:203"
"D21","Copernicus Data Space Community","2025-03-04","核读原帖明确日期","Download process stops before all required data have been downloaded","https://forum.dataspace.copernicus.eu/t/download-process-stops-before-all-the-required-data-have-been-downloaded/3344","并行4景下载一个月的数据，中途停止且漏景，网页能查到","任务可查；完整批次采集仍需补齐","查询分页有界、工程最多32景、任务有真实状态及用户重试","全集分页清单、期望/完成差集、批次状态、去重与失败续跑；不把第一页当全部","检查这个月哪些景漏下载了，只补缺失文件，并给出完成清单。","P0","docs/agent.md:249; crates/geod-runtime/src/projects.rs:13"
"D22","GIS Stack Exchange","2025-04-14","核读原帖明确日期","Download monthly VIIRS for certain years","https://gis.stackexchange.com/questions/491902/download-monthly-viirs-for-certain-years","2018至2024月度VIIRS夜光，cf_cvg>=5质量过滤，按年月命名","当前不能满足","接入VIIRS09A1反射率并非DNB夜光；没有夜光月度产品适配","VIIRS DNB月度avg_rad/cf_cvg、质量与单位、逐月批次、命名","下载2018至2024年这个行政区每月VIIRS夜光，观测数至少5并按年月保存。","P1","docs/provider-integration-status.md:22"
"D23","Reddit r/gis","2026","搜索索引2026-08-13；页面相对时间不一致，确切日期未确认","Looking for 1995 Satellite Imagery","https://www.reddit.com/r/gis/comments/1vnh36v/looking_for_1995_satellite_imagery/","1995年海岸制图的较高空间分辨率历史影像","当前固定来源不能满足","Landsat固定适配只接8/9；未接5/7及地方历史航空档案","Landsat历史传感器与公开正射档案；需处理历史年份/覆盖/地理配准，不能拿现代影像替代","给我这个海岸1995年的影像，找不到所需分辨率时提供真实可用的替代方案。","P1","crates/geod-runtime/src/agent_actions/catalog.rs:37"
